image path,class id
0.png,0
1.png,1
2.png,2
3.png,0
4.png,0
5.png,0
6.png,0
7.png,0
8.png,0
9.png,3
10.png,3
11.png,0
12.png,0
13.png,0
14.png,0
15.png,2
16.png,0
17.png,0
18.png,0
19.png,0
20.png,4
21.png,0
22.png,0
23.png,5
24.png,0
25.png,2
26.png,6
27.png,0
28.png,3
29.png,0
30.png,7
31.png,8
32.png,9
33.png,5
34.png,10
35.png,11
36.png,0
37.png,12
38.png,4
39.png,5
40.png,10
41.png,10
42.png,13
43.png,4
44.png,14
45.png,15
46.png,13
47.png,5
48.png,16
49.png,17
50.png,13
51.png,18
52.png,19
53.png,19
54.png,12
55.png,14
56.png,5
57.png,19
58.png,19
59.png,20
60.png,21
61.png,22
62.png,16
63.png,11
64.png,19
65.png,19
66.png,19
67.png,1
68.png,16
69.png,16
70.png,23
71.png,23
72.png,0
73.png,0
74.png,24
75.png,16
76.png,25
77.png,26
78.png,21
79.png,11
80.png,26
81.png,27
82.png,9
83.png,4
84.png,28
85.png,4
86.png,29
87.png,22
88.png,30
89.png,27
90.png,27
91.png,27
92.png,27
93.png,10
94.png,0
95.png,0
96.png,0
97.png,8
98.png,0
99.png,15
100.png,31
101.png,31
102.png,0
103.png,0
104.png,0
105.png,0
106.png,9
107.png,32
108.png,33
109.png,11
110.png,33
111.png,34
112.png,10
113.png,23
114.png,10
115.png,35
116.png,35
117.png,35
118.png,35
119.png,18
120.png,18
121.png,36
122.png,0
123.png,22
124.png,33
125.png,15
126.png,15
127.png,3
128.png,15
129.png,37
130.png,14
131.png,5
132.png,1
133.png,10
134.png,10
135.png,15
136.png,1
137.png,35
138.png,0
139.png,0
140.png,38
141.png,14
142.png,29
143.png,17
144.png,39
145.png,1
146.png,29
147.png,0
148.png,23
149.png,1
150.png,24
151.png,3
152.png,6
153.png,11
154.png,11
155.png,40
156.png,26
157.png,41
158.png,4
159.png,32
160.png,19
161.png,42
162.png,32
163.png,1
164.png,8
165.png,43
166.png,0
167.png,0
168.png,27
169.png,33
170.png,44
171.png,37
172.png,30
173.png,35
174.png,45
175.png,31
176.png,18
177.png,45
178.png,25
179.png,46
180.png,0
181.png,47
182.png,47
183.png,10
184.png,48
185.png,48
186.png,0
187.png,27
188.png,10
189.png,19
190.png,45
191.png,49
192.png,26
193.png,25
194.png,8
195.png,5
196.png,37
197.png,31
198.png,35
199.png,27
200.png,10
201.png,10
202.png,10
203.png,35
204.png,23
205.png,26
206.png,26
207.png,27
208.png,9
209.png,44
210.png,50
211.png,45
212.png,26
213.png,29
214.png,0
215.png,10
216.png,10
217.png,32
218.png,48
219.png,51
220.png,41
221.png,0
222.png,44
223.png,27
224.png,2
225.png,19
226.png,15
227.png,15
228.png,20
229.png,52
230.png,17
231.png,42
232.png,9
233.png,41
234.png,9
235.png,42
236.png,15
237.png,16
238.png,42
239.png,42
240.png,52
241.png,2
242.png,11
243.png,22
244.png,22
245.png,47
246.png,35
247.png,1
248.png,27
249.png,44
250.png,15
251.png,21
252.png,37
253.png,22
254.png,6
255.png,6
256.png,0
257.png,22
258.png,9
259.png,0
260.png,33
261.png,14
262.png,36
263.png,22
264.png,23
265.png,36
266.png,1
267.png,22
268.png,8
269.png,1
270.png,0
271.png,0
272.png,27
273.png,27
274.png,0
275.png,0
276.png,0
277.png,35
278.png,27
279.png,27
280.png,0
281.png,31
282.png,27
283.png,27
284.png,42
285.png,0
286.png,43
287.png,27
288.png,21
289.png,27
290.png,0
291.png,0
292.png,8
293.png,25
294.png,23
295.png,27
296.png,32
297.png,53
298.png,21
299.png,10
300.png,14
301.png,2
302.png,19
303.png,26
304.png,26
305.png,0
306.png,2
307.png,2
308.png,2
309.png,2
310.png,19
311.png,51
312.png,19
313.png,19
314.png,2
315.png,19
316.png,1
317.png,27
318.png,33
319.png,44
320.png,2
321.png,10
322.png,46
323.png,4
324.png,1
325.png,17
326.png,19
327.png,37
328.png,26
329.png,3
330.png,46
331.png,10
332.png,3
333.png,2
334.png,2
335.png,42
336.png,48
337.png,10
338.png,41
339.png,3
340.png,42
341.png,21
342.png,10
343.png,10
344.png,27
345.png,25
346.png,42
347.png,33
348.png,3
349.png,19
350.png,29
351.png,39
352.png,50
353.png,43
354.png,14
355.png,29
356.png,35
357.png,35
358.png,35
359.png,10
360.png,16
361.png,9
362.png,19
363.png,27
364.png,44
365.png,49
366.png,14
367.png,32
368.png,32
369.png,29
370.png,35
371.png,35
372.png,33
373.png,33
374.png,33
375.png,42
376.png,50
377.png,27
378.png,10
379.png,27
380.png,29
381.png,10
382.png,10
383.png,34
384.png,34
385.png,34
386.png,34
387.png,34
388.png,34
389.png,34
390.png,34
391.png,8
392.png,37
393.png,44
394.png,44
395.png,26
396.png,39
397.png,19
398.png,38
399.png,50
400.png,18
401.png,18
402.png,37
403.png,27
404.png,1
405.png,41
406.png,18
407.png,53
408.png,19
409.png,21
410.png,10
411.png,38
412.png,37
413.png,10
414.png,14
415.png,40
416.png,10
417.png,51
418.png,27
419.png,29
420.png,30
421.png,19
422.png,43
423.png,43
424.png,19
425.png,42
426.png,35
427.png,49
428.png,37
429.png,27
430.png,31
431.png,10
432.png,10
433.png,19
434.png,19
435.png,27
436.png,19
437.png,21
438.png,47
439.png,47
440.png,19
441.png,11
442.png,11
443.png,11
444.png,11
445.png,11
446.png,11
447.png,50
448.png,19
449.png,48
450.png,32
451.png,27
452.png,18
453.png,21
454.png,14
455.png,10
456.png,29
457.png,46
458.png,38
459.png,10
460.png,32
461.png,14
462.png,0
463.png,44
464.png,21
465.png,7
466.png,27
467.png,49
468.png,31
469.png,48
470.png,10
471.png,44
472.png,40
473.png,41
474.png,10
475.png,31
476.png,21
477.png,20
478.png,30
479.png,27
480.png,37
481.png,31
482.png,44
483.png,27
484.png,19
485.png,18
486.png,54
487.png,37
488.png,16
489.png,48
490.png,12
491.png,53
492.png,53
493.png,18
494.png,22
495.png,19
496.png,19
497.png,19
498.png,26
499.png,27
500.png,37
501.png,18
502.png,44
503.png,18
504.png,0
505.png,45
506.png,21
507.png,6
508.png,26
509.png,11
510.png,18
511.png,10
512.png,48
513.png,48
514.png,1
515.png,23
516.png,11
517.png,18
518.png,8
519.png,8
520.png,16
521.png,53
522.png,1
523.png,19
524.png,3
525.png,53
526.png,53
527.png,15
528.png,21
529.png,8
530.png,3
531.png,1
532.png,11
533.png,14
534.png,23
535.png,19
536.png,19
537.png,1
538.png,18
539.png,53
540.png,1
541.png,19
542.png,19
543.png,26
544.png,47
545.png,18
546.png,1
547.png,19
548.png,53
549.png,19
550.png,12
551.png,40
552.png,11
553.png,1
554.png,12
555.png,36
556.png,6
557.png,8
558.png,37
559.png,27
560.png,27
561.png,42
562.png,47
563.png,47
564.png,35
565.png,21
566.png,53
567.png,17
568.png,19
569.png,18
570.png,19
571.png,1
572.png,1
573.png,6
574.png,6
575.png,13
576.png,19
577.png,19
578.png,12
579.png,40
580.png,18
581.png,3
582.png,53
583.png,23
584.png,18
585.png,53
586.png,24
587.png,23
588.png,23
589.png,19
590.png,44
591.png,53
592.png,46
593.png,16
594.png,0
595.png,0
596.png,15
597.png,54
598.png,0
599.png,0
600.png,37
601.png,27
602.png,14
603.png,17
604.png,38
605.png,19
606.png,0
607.png,0
608.png,18
609.png,44
610.png,35
611.png,40
612.png,21
613.png,7
614.png,21
615.png,49
616.png,27
617.png,21
618.png,19
619.png,27
620.png,21
621.png,22
622.png,35
623.png,35
624.png,32
625.png,24
626.png,27
627.png,48
628.png,21
629.png,5
630.png,19
631.png,38
632.png,30
633.png,27
634.png,14
635.png,38
636.png,21
637.png,15
638.png,41
639.png,24
640.png,27
641.png,33
642.png,48
643.png,29
644.png,29
645.png,21
646.png,49
647.png,31
648.png,0
649.png,48
650.png,21
651.png,25
652.png,18
653.png,16
654.png,16
655.png,0
656.png,0
657.png,17
658.png,27
659.png,27
660.png,27
661.png,19
662.png,51
663.png,37
664.png,27
665.png,50
666.png,16
667.png,43
668.png,25
669.png,27
670.png,7
671.png,10
672.png,34
673.png,34
674.png,48
675.png,43
676.png,9
677.png,21
678.png,7
679.png,7
680.png,51
681.png,42
682.png,13
683.png,1
684.png,21
685.png,18
686.png,9
687.png,19
688.png,7
689.png,51
690.png,7
691.png,1
692.png,23
693.png,7
694.png,10
695.png,0
696.png,19
697.png,7
698.png,10
699.png,31
700.png,35
701.png,10
702.png,15
703.png,0
704.png,10
705.png,26
706.png,31
707.png,14
708.png,30
709.png,26
710.png,33
711.png,20
712.png,0
713.png,44
714.png,19
715.png,8
716.png,23
717.png,7
718.png,27
719.png,14
720.png,31
721.png,7
722.png,21
723.png,9
724.png,7
725.png,30
726.png,33
727.png,39
728.png,19
729.png,37
730.png,17
731.png,7
732.png,42
733.png,29
734.png,53
735.png,33
736.png,31
737.png,40
738.png,0
739.png,5
740.png,43
741.png,10
742.png,2
743.png,42
744.png,42
745.png,0
746.png,27
747.png,37
748.png,19
749.png,19
750.png,7
751.png,7
752.png,50
753.png,16
754.png,14
755.png,39
756.png,9
757.png,10
758.png,19
759.png,35
760.png,14
761.png,43
762.png,17
763.png,23
764.png,53
765.png,17
766.png,17
767.png,0
768.png,18
769.png,7
770.png,33
771.png,31
772.png,3
773.png,51
774.png,46
775.png,10
776.png,10
777.png,0
778.png,43
779.png,0
780.png,30
781.png,16
782.png,33
783.png,33
784.png,24
785.png,0
786.png,0
787.png,30
788.png,10
789.png,31
790.png,50
791.png,15
792.png,26
793.png,53
794.png,24
795.png,53
796.png,44
797.png,6
798.png,0
799.png,36
800.png,36
801.png,53
802.png,36
803.png,36
804.png,19
805.png,53
806.png,53
807.png,0
808.png,53
809.png,53
810.png,17
811.png,10
812.png,14
813.png,7
814.png,19
815.png,49
816.png,3
817.png,33
818.png,39
819.png,53
820.png,19
821.png,19
822.png,19
823.png,35
824.png,0
825.png,35
826.png,35
827.png,43
828.png,49
829.png,27
830.png,44
831.png,0
832.png,19
833.png,19
834.png,39
835.png,10
836.png,0
837.png,21
838.png,46
839.png,27
840.png,30
841.png,7
842.png,8
843.png,10
844.png,10
845.png,10
846.png,19
847.png,9
848.png,4
849.png,25
850.png,22
851.png,25
852.png,11
853.png,10
854.png,48
855.png,21
856.png,37
857.png,42
858.png,16
859.png,9
860.png,42
861.png,53
862.png,15
863.png,53
864.png,19
865.png,53
866.png,53
867.png,39
868.png,41
869.png,10
870.png,10
871.png,44
872.png,42
873.png,42
874.png,42
875.png,44
876.png,31
877.png,14
878.png,44
879.png,10
880.png,32
881.png,14
882.png,17
883.png,2
884.png,7
885.png,50
886.png,39
887.png,19
888.png,14
889.png,10
890.png,35
891.png,35
892.png,42
893.png,50
894.png,36
895.png,53
896.png,53
897.png,34
898.png,34
899.png,34
900.png,34
901.png,34
902.png,34
903.png,34
904.png,30
905.png,21
906.png,10
907.png,10
908.png,35
909.png,15
910.png,10
911.png,25
912.png,14
913.png,49
914.png,3
915.png,19
916.png,29
917.png,27
918.png,15
919.png,19
920.png,10
921.png,14
922.png,46
923.png,3
924.png,38
925.png,0
926.png,46
927.png,28
928.png,21
929.png,31
930.png,10
931.png,33
932.png,9
933.png,10
934.png,10
935.png,16
936.png,7
937.png,37
938.png,46
939.png,21
940.png,29
941.png,46
942.png,1
943.png,31
944.png,33
945.png,33
946.png,33
947.png,9
948.png,15
949.png,15
950.png,15
951.png,2
952.png,33
953.png,2
954.png,16
955.png,32
956.png,10
957.png,10
958.png,29
959.png,7
960.png,31
961.png,21
962.png,25
963.png,26
964.png,10
965.png,15
966.png,2
967.png,9
968.png,2
969.png,10
970.png,10
971.png,31
972.png,0
973.png,21
974.png,7
975.png,10
976.png,16
977.png,19
978.png,10
979.png,19
980.png,26
981.png,37
982.png,10
983.png,2
984.png,0
985.png,0
986.png,0
987.png,50
988.png,10
989.png,40
990.png,7
991.png,30
992.png,15
993.png,10
994.png,34
995.png,38
996.png,42
997.png,0
998.png,0
999.png,0
1000.png,42
1001.png,16
1002.png,0
1003.png,50
1004.png,35
1005.png,29
1006.png,3
1007.png,0
1008.png,15
1009.png,1
1010.png,46
1011.png,15
1012.png,21
1013.png,10
1014.png,43
1015.png,51
1016.png,29
1017.png,31
1018.png,10
1019.png,42
1020.png,42
1021.png,42
1022.png,1
1023.png,33
1024.png,33
1025.png,33
1026.png,42
1027.png,27
1028.png,8
1029.png,14
1030.png,37
1031.png,7
1032.png,39
1033.png,41
1034.png,15
1035.png,31
1036.png,23
1037.png,10
1038.png,2
1039.png,1
1040.png,1
1041.png,1
1042.png,18
1043.png,2
1044.png,0
1045.png,0
1046.png,0
1047.png,0
1048.png,0
1049.png,0
1050.png,0
1051.png,0
1052.png,0
1053.png,0
1054.png,0
1055.png,0
1056.png,0
1057.png,0
1058.png,0
1059.png,0
1060.png,0
1061.png,33
1062.png,28
1063.png,21
1064.png,50
1065.png,7
1066.png,27
1067.png,26
1068.png,37
1069.png,8
1070.png,43
1071.png,47
1072.png,47
1073.png,34
1074.png,47
1075.png,18
1076.png,40
1077.png,14
1078.png,34
1079.png,11
1080.png,3
1081.png,32
1082.png,43
1083.png,9
1084.png,29
1085.png,34
1086.png,26
1087.png,46
1088.png,21
1089.png,29
1090.png,43
1091.png,19
1092.png,44
1093.png,10
1094.png,23
1095.png,19
1096.png,14
1097.png,14
1098.png,10
1099.png,39
1100.png,29
1101.png,7
1102.png,10
1103.png,44
1104.png,4
1105.png,15
1106.png,41
1107.png,16
1108.png,16
1109.png,40
1110.png,13
1111.png,13
1112.png,16
1113.png,1
1114.png,18
1115.png,16
1116.png,19
1117.png,30
1118.png,30
1119.png,27
1120.png,31
1121.png,29
1122.png,54
1123.png,44
1124.png,37
1125.png,44
1126.png,16
1127.png,16
1128.png,15
1129.png,47
1130.png,19
1131.png,37
1132.png,44
1133.png,29
1134.png,27
1135.png,47
1136.png,47
1137.png,47
1138.png,47
1139.png,4
1140.png,1
1141.png,47
1142.png,47
1143.png,47
1144.png,10
1145.png,4
1146.png,4
1147.png,19
1148.png,38
1149.png,29
1150.png,50
1151.png,17
1152.png,44
1153.png,54
1154.png,3
1155.png,14
1156.png,10
1157.png,19
1158.png,19
1159.png,17
1160.png,7
1161.png,37
1162.png,41
1163.png,5
1164.png,1
1165.png,1
1166.png,16
1167.png,16
1168.png,5
1169.png,46
1170.png,46
1171.png,9
1172.png,21
1173.png,27
1174.png,50
1175.png,24
1176.png,10
1177.png,21
1178.png,14
1179.png,3
1180.png,10
1181.png,29
1182.png,31
1183.png,27
1184.png,21
1185.png,41
1186.png,44
1187.png,26
1188.png,44
1189.png,54
1190.png,23
1191.png,41
1192.png,18
1193.png,13
1194.png,0
1195.png,31
1196.png,31
1197.png,30
1198.png,19
1199.png,49
1200.png,10
1201.png,7
1202.png,44
1203.png,51
1204.png,14
1205.png,50
1206.png,31
1207.png,33
1208.png,31
1209.png,42
1210.png,42
1211.png,45
1212.png,2
1213.png,42
1214.png,5
1215.png,23
1216.png,47
1217.png,10
1218.png,44
1219.png,10
1220.png,29
1221.png,17
1222.png,44
1223.png,51
1224.png,44
1225.png,31
1226.png,25
1227.png,49
1228.png,21
1229.png,21
1230.png,40
1231.png,15
1232.png,26
1233.png,44
1234.png,29
1235.png,19
1236.png,10
1237.png,14
1238.png,27
1239.png,19
1240.png,27
1241.png,50
1242.png,1
1243.png,3
1244.png,35
1245.png,35
1246.png,35
1247.png,10
1248.png,29
1249.png,26
1250.png,30
1251.png,54
1252.png,37
1253.png,27
1254.png,54
1255.png,54
1256.png,54
1257.png,21
1258.png,21
1259.png,14
1260.png,0
1261.png,26
1262.png,41
1263.png,21
1264.png,41
1265.png,21
1266.png,13
1267.png,52
1268.png,23
1269.png,21
1270.png,51
1271.png,17
1272.png,19
1273.png,10
1274.png,10
1275.png,21
1276.png,19
1277.png,35
1278.png,29
1279.png,19
1280.png,48
1281.png,10
1282.png,40
1283.png,19
1284.png,3
1285.png,19
1286.png,3
1287.png,16
1288.png,19
1289.png,13
1290.png,51
1291.png,44
1292.png,33
1293.png,23
1294.png,15
1295.png,26
1296.png,54
1297.png,32
1298.png,20
1299.png,10
1300.png,31
1301.png,19
1302.png,15
1303.png,15
1304.png,53
1305.png,13
1306.png,18
1307.png,54
1308.png,54
1309.png,2
1310.png,15
1311.png,23
1312.png,15
1313.png,19
1314.png,18
1315.png,16
1316.png,20
1317.png,4
1318.png,35
1319.png,29
1320.png,20
1321.png,6
1322.png,35
1323.png,15
1324.png,5
1325.png,19
1326.png,33
1327.png,37
1328.png,26
1329.png,24
1330.png,15
1331.png,27
1332.png,17
1333.png,2
1334.png,48
1335.png,22
1336.png,1
1337.png,21
1338.png,21
1339.png,46
1340.png,47
1341.png,35
1342.png,35
1343.png,27
1344.png,35
1345.png,35
1346.png,35
1347.png,35
1348.png,35
1349.png,41
1350.png,1
1351.png,42
1352.png,35
1353.png,35
1354.png,6
1355.png,54
1356.png,10
1357.png,34
1358.png,38
1359.png,23
1360.png,10
1361.png,15
1362.png,1
1363.png,1
1364.png,37
1365.png,15
1366.png,6
1367.png,6
1368.png,44
1369.png,18
1370.png,53
1371.png,4
1372.png,48
1373.png,27
1374.png,49
1375.png,18
1376.png,23
1377.png,49
1378.png,54
1379.png,41
1380.png,32
1381.png,32
1382.png,44
1383.png,1
1384.png,19
1385.png,48
1386.png,42
1387.png,5
1388.png,35
1389.png,20
1390.png,19
1391.png,54
1392.png,35
1393.png,35
1394.png,35
1395.png,35
1396.png,23
1397.png,22
1398.png,18
1399.png,22
1400.png,36
1401.png,12
1402.png,0
1403.png,44
1404.png,20
1405.png,6
1406.png,15
1407.png,15
1408.png,19
1409.png,11
1410.png,19
1411.png,3
1412.png,23
1413.png,32
1414.png,35
1415.png,35
1416.png,19
1417.png,19
1418.png,18
1419.png,19
1420.png,40
1421.png,0
1422.png,5
1423.png,20
1424.png,15
1425.png,27
1426.png,19
1427.png,29
1428.png,11
1429.png,22
1430.png,16
1431.png,19
1432.png,19
1433.png,24
1434.png,20
1435.png,15
1436.png,18
1437.png,18
1438.png,16
1439.png,20
1440.png,18
1441.png,21
1442.png,24
1443.png,21
1444.png,23
1445.png,32
1446.png,43
1447.png,0
1448.png,47
1449.png,24
1450.png,27
1451.png,27
1452.png,12
1453.png,1
1454.png,1
1455.png,18
1456.png,1
1457.png,50
1458.png,1
1459.png,10
1460.png,35
1461.png,10
1462.png,19
1463.png,40
1464.png,17
1465.png,48
1466.png,2
1467.png,48
1468.png,1
1469.png,41
1470.png,16
1471.png,23
1472.png,20
1473.png,4
1474.png,19
1475.png,28
1476.png,37
1477.png,37
1478.png,43
1479.png,26
1480.png,5
1481.png,24
1482.png,39
1483.png,44
1484.png,15
1485.png,15
1486.png,15
1487.png,15
1488.png,34
1489.png,51
1490.png,38
1491.png,12
1492.png,19
1493.png,5
1494.png,25
1495.png,24
1496.png,27
1497.png,10
1498.png,47
1499.png,1
1500.png,19
1501.png,10
1502.png,29
1503.png,33
1504.png,51
1505.png,10
1506.png,37
1507.png,37
1508.png,21
1509.png,45
1510.png,43
1511.png,21
1512.png,45
1513.png,31
1514.png,23
1515.png,32
1516.png,23
1517.png,25
1518.png,25
1519.png,31
1520.png,34
1521.png,1
1522.png,42
1523.png,19
1524.png,11
1525.png,48
1526.png,39
1527.png,11
1528.png,1
1529.png,6
1530.png,50
1531.png,47
1532.png,47
1533.png,8
1534.png,41
1535.png,41
1536.png,29
1537.png,39
1538.png,39
1539.png,14
1540.png,13
1541.png,27
1542.png,22
1543.png,51
1544.png,26
1545.png,7
1546.png,1
1547.png,0
1548.png,42
1549.png,7
1550.png,1
1551.png,22
1552.png,22
1553.png,18
1554.png,7
1555.png,39
1556.png,1
1557.png,47
1558.png,47
1559.png,51
1560.png,44
1561.png,3
1562.png,27
1563.png,14
1564.png,2
1565.png,37
1566.png,42
1567.png,7
1568.png,24
1569.png,39
1570.png,39
1571.png,48
1572.png,43
1573.png,34
1574.png,47
1575.png,39
1576.png,2
1577.png,34
1578.png,15
1579.png,11
1580.png,11
1581.png,1
1582.png,28
1583.png,19
1584.png,23
1585.png,1
1586.png,21
1587.png,20
1588.png,39
1589.png,39
1590.png,0
1591.png,19
1592.png,3
1593.png,41
1594.png,15
1595.png,44
1596.png,44
1597.png,27
1598.png,29
1599.png,9
1600.png,27
1601.png,10
1602.png,37
1603.png,30
1604.png,34
1605.png,42
1606.png,0
1607.png,24
1608.png,42
1609.png,23
1610.png,43
1611.png,47
1612.png,5
1613.png,29
1614.png,0
1615.png,0
1616.png,27
1617.png,39
1618.png,18
1619.png,21
1620.png,8
1621.png,19
1622.png,24
1623.png,0
1624.png,0
1625.png,24
1626.png,0
1627.png,24
1628.png,39
1629.png,42
1630.png,42
1631.png,0
1632.png,38
1633.png,10
1634.png,48
1635.png,15
1636.png,41
1637.png,10
1638.png,1
1639.png,19
1640.png,4
1641.png,19
1642.png,23
1643.png,4
1644.png,33
1645.png,42
1646.png,21
1647.png,15
1648.png,19
1649.png,22
1650.png,54
1651.png,22
1652.png,16
1653.png,21
1654.png,16
1655.png,19
1656.png,0
1657.png,6
1658.png,11
1659.png,5
1660.png,6
1661.png,15
1662.png,30
1663.png,44
1664.png,25
1665.png,51
1666.png,22
1667.png,0
1668.png,33
1669.png,42
1670.png,42
1671.png,44
1672.png,37
1673.png,30
1674.png,27
1675.png,7
1676.png,22
1677.png,22
1678.png,21
1679.png,15
1680.png,44
1681.png,19
1682.png,45
1683.png,27
1684.png,7
1685.png,15
1686.png,1
1687.png,1
1688.png,1
1689.png,16
1690.png,23
1691.png,53
1692.png,32
1693.png,19
1694.png,19
1695.png,29
1696.png,23
1697.png,21
1698.png,22
1699.png,33
1700.png,46
1701.png,31
1702.png,0
1703.png,14
1704.png,50
1705.png,7
1706.png,46
1707.png,7
1708.png,42
1709.png,15
1710.png,54
1711.png,9
1712.png,44
1713.png,17
1714.png,19
1715.png,8
1716.png,30
1717.png,17
1718.png,1
1719.png,19
1720.png,8
1721.png,8
1722.png,34
1723.png,34
1724.png,34
1725.png,34
1726.png,34
1727.png,20
1728.png,8
1729.png,19
1730.png,19
1731.png,0
1732.png,0
1733.png,0
1734.png,0
1735.png,23
1736.png,23
1737.png,53
1738.png,12
1739.png,18
1740.png,13
1741.png,27
1742.png,23
1743.png,44
1744.png,1
1745.png,51
1746.png,49
1747.png,38
1748.png,27
1749.png,36
1750.png,30
1751.png,48
1752.png,33
1753.png,33
1754.png,48
1755.png,15
1756.png,25
1757.png,25
1758.png,35
1759.png,51
1760.png,27
1761.png,1
1762.png,45
1763.png,40
1764.png,2
1765.png,38
1766.png,2
1767.png,0
1768.png,25
1769.png,25
1770.png,29
1771.png,16
1772.png,17
1773.png,25
1774.png,25
1775.png,19
1776.png,7
1777.png,42
1778.png,0
1779.png,42
1780.png,2
1781.png,2
1782.png,3
1783.png,48
1784.png,10
1785.png,33
1786.png,48
1787.png,42
1788.png,51
1789.png,33
1790.png,33
1791.png,33
1792.png,10
1793.png,35
1794.png,20
1795.png,15
1796.png,50
1797.png,50
1798.png,39
1799.png,19
1800.png,3
1801.png,45
1802.png,19
1803.png,3
1804.png,37
1805.png,0
1806.png,0
1807.png,10
1808.png,22
1809.png,43
1810.png,10
1811.png,48
1812.png,33
1813.png,26
1814.png,39
1815.png,44
1816.png,19
1817.png,0
1818.png,10
1819.png,10
1820.png,7
1821.png,10
1822.png,29
1823.png,10
1824.png,23
1825.png,33
1826.png,21
1827.png,35
1828.png,21
1829.png,29
1830.png,29
1831.png,45
1832.png,10
1833.png,10
1834.png,23
1835.png,2
1836.png,8
1837.png,47
1838.png,50
1839.png,35
1840.png,10
1841.png,0
1842.png,23
1843.png,3
1844.png,46
1845.png,26
1846.png,10
1847.png,10
1848.png,29
1849.png,35
1850.png,50
1851.png,31
1852.png,23
1853.png,21
1854.png,27
1855.png,51
1856.png,19
1857.png,27
1858.png,19
1859.png,27
1860.png,19
1861.png,45
1862.png,47
1863.png,38
1864.png,10
1865.png,35
1866.png,13
1867.png,10
1868.png,19
1869.png,27
1870.png,10
1871.png,2
1872.png,10
1873.png,35
1874.png,46
1875.png,49
1876.png,46
1877.png,42
1878.png,33
1879.png,26
1880.png,19
1881.png,1
1882.png,15
1883.png,33
1884.png,33
1885.png,20
1886.png,21
1887.png,32
1888.png,10
1889.png,10
1890.png,7
1891.png,54
1892.png,54
1893.png,54
1894.png,3
1895.png,51
1896.png,39
1897.png,27
1898.png,10
1899.png,31
1900.png,27
1901.png,10
1902.png,44
1903.png,29
1904.png,49
1905.png,47
1906.png,47
1907.png,10
1908.png,10
1909.png,3
1910.png,10
1911.png,38
1912.png,10
1913.png,47
1914.png,47
1915.png,10
1916.png,19
1917.png,50
1918.png,18
1919.png,2
1920.png,44
1921.png,39
1922.png,50
1923.png,33
1924.png,29
1925.png,10
1926.png,29
1927.png,0
1928.png,2
1929.png,0
1930.png,51
1931.png,44
1932.png,46
1933.png,45
1934.png,27
1935.png,49
1936.png,49
1937.png,27
1938.png,10
1939.png,47
1940.png,10
1941.png,37
1942.png,21
1943.png,29
1944.png,29
1945.png,50
1946.png,29
1947.png,2
1948.png,49
1949.png,46
1950.png,43
1951.png,39
1952.png,39
1953.png,30
1954.png,1
1955.png,10
1956.png,35
1957.png,29
1958.png,21
1959.png,27
1960.png,44
1961.png,27
1962.png,27
1963.png,35
1964.png,10
1965.png,26
1966.png,27
1967.png,37
1968.png,46
1969.png,30
1970.png,50
1971.png,35
1972.png,29
1973.png,21
1974.png,44
1975.png,27
1976.png,27
1977.png,27
1978.png,37
1979.png,46
1980.png,19
1981.png,5
1982.png,37
1983.png,18
1984.png,27
1985.png,27
1986.png,44
1987.png,45
1988.png,29
1989.png,54
1990.png,44
1991.png,47
1992.png,11
1993.png,45
1994.png,46
1995.png,27
1996.png,27
1997.png,50
1998.png,32
1999.png,9
2000.png,16
2001.png,7
2002.png,49
2003.png,44
2004.png,46
2005.png,3
2006.png,48
2007.png,10
2008.png,29
2009.png,32
2010.png,21
2011.png,32
2012.png,37
2013.png,10
2014.png,10
2015.png,46
2016.png,2
2017.png,33
2018.png,42
2019.png,42
2020.png,42
2021.png,10
2022.png,6
2023.png,10
2024.png,46
2025.png,3
2026.png,10
2027.png,27
2028.png,27
2029.png,27
2030.png,1
2031.png,20
2032.png,43
2033.png,38
2034.png,10
2035.png,23
2036.png,10
2037.png,10
2038.png,30
2039.png,35
2040.png,35
2041.png,54
2042.png,10
2043.png,21
2044.png,37
2045.png,10
2046.png,10
2047.png,46
2048.png,3
2049.png,20
2050.png,0
2051.png,10
2052.png,10
2053.png,19
2054.png,44
2055.png,44
2056.png,44
2057.png,27
2058.png,49
2059.png,42
2060.png,47
2061.png,32
2062.png,32
2063.png,18
2064.png,24
2065.png,25
2066.png,14
2067.png,26
2068.png,21
2069.png,54
2070.png,10
2071.png,20
2072.png,35
2073.png,49
2074.png,7
2075.png,20
2076.png,42
2077.png,46
2078.png,44
2079.png,46
2080.png,37
2081.png,30
2082.png,44
2083.png,10
2084.png,10
2085.png,38
2086.png,10
2087.png,51
2088.png,10
2089.png,27
2090.png,25
2091.png,44
2092.png,50
2093.png,14
2094.png,1
2095.png,7
2096.png,50
2097.png,7
2098.png,27
2099.png,51
2100.png,27
2101.png,37
2102.png,45
2103.png,10
2104.png,54
2105.png,1
2106.png,10
2107.png,32
2108.png,44
2109.png,32
2110.png,35
2111.png,27
2112.png,44
2113.png,35
2114.png,44
2115.png,37
2116.png,3
2117.png,44
2118.png,45
2119.png,27
2120.png,50
2121.png,29
2122.png,31
2123.png,15
2124.png,54
2125.png,10
2126.png,49
2127.png,10
2128.png,32
2129.png,32
2130.png,20
2131.png,20
2132.png,35
2133.png,47
2134.png,37
2135.png,16
2136.png,23
2137.png,53
2138.png,21
2139.png,30
2140.png,20
2141.png,20
2142.png,23
2143.png,38
2144.png,17
2145.png,18
2146.png,23
2147.png,23
2148.png,35
2149.png,47
2150.png,44
2151.png,50
2152.png,13
2153.png,0
2154.png,23
2155.png,10
2156.png,27
2157.png,44
2158.png,18
2159.png,27
2160.png,27
2161.png,44
2162.png,27
2163.png,45
2164.png,18
2165.png,37
2166.png,21
2167.png,7
2168.png,7
2169.png,27
2170.png,30
2171.png,49
2172.png,50
2173.png,54
2174.png,27
2175.png,27
2176.png,9
2177.png,27
2178.png,33
2179.png,18
2180.png,46
2181.png,30
2182.png,27
2183.png,29
2184.png,51
2185.png,45
2186.png,45
2187.png,27
2188.png,27
2189.png,45
2190.png,27
2191.png,3
2192.png,35
2193.png,35
2194.png,35
2195.png,20
2196.png,49
2197.png,53
2198.png,8
2199.png,44
2200.png,19
2201.png,49
2202.png,23
2203.png,10
2204.png,37
2205.png,10
2206.png,15
2207.png,44
2208.png,27
2209.png,27
2210.png,37
2211.png,27
2212.png,27
2213.png,27
2214.png,27
2215.png,44
2216.png,45
2217.png,30
2218.png,27
2219.png,16
2220.png,32
2221.png,27
2222.png,27
2223.png,39
2224.png,10
2225.png,36
2226.png,29
2227.png,54
2228.png,15
2229.png,44
2230.png,30
2231.png,45
2232.png,47
2233.png,37
2234.png,27
2235.png,54
2236.png,27
2237.png,35
2238.png,32
2239.png,20
2240.png,20
2241.png,20
2242.png,54
2243.png,19
2244.png,3
2245.png,27
2246.png,27
2247.png,0
2248.png,18
2249.png,43
2250.png,27
2251.png,53
2252.png,18
2253.png,19
2254.png,54
2255.png,15
2256.png,19
2257.png,37
2258.png,31
2259.png,45
2260.png,40
2261.png,27
2262.png,21
2263.png,35
2264.png,54
2265.png,27
2266.png,27
2267.png,46
2268.png,44
2269.png,27
2270.png,19
2271.png,44
2272.png,27
2273.png,27
2274.png,25
2275.png,18
2276.png,35
2277.png,35
2278.png,10
2279.png,5
2280.png,44
2281.png,12
2282.png,5
2283.png,0
2284.png,32
2285.png,37
2286.png,5
2287.png,49
2288.png,42
2289.png,42
2290.png,19
2291.png,8
2292.png,31
2293.png,5
2294.png,49
2295.png,27
2296.png,44
2297.png,44
2298.png,10
2299.png,10
2300.png,27
2301.png,37
2302.png,37
2303.png,27
2304.png,27
2305.png,45
2306.png,49
2307.png,0
2308.png,33
2309.png,37
2310.png,44
2311.png,46
2312.png,30
2313.png,49
2314.png,15
2315.png,27
2316.png,37
2317.png,54
2318.png,17
2319.png,23
2320.png,31
2321.png,31
2322.png,51
2323.png,10
2324.png,31
2325.png,27
2326.png,27
2327.png,27
2328.png,27
2329.png,44
2330.png,37
2331.png,37
2332.png,31
2333.png,31
2334.png,0
2335.png,54
2336.png,13
2337.png,33
2338.png,10
2339.png,31
2340.png,18
2341.png,27
2342.png,27
2343.png,44
2344.png,50
2345.png,50
2346.png,41
2347.png,54
2348.png,54
2349.png,42
2350.png,40
2351.png,22
2352.png,4
2353.png,43
2354.png,19
2355.png,44
2356.png,45
2357.png,18
2358.png,10
2359.png,15
2360.png,44
2361.png,37
2362.png,31
2363.png,1
2364.png,16
2365.png,18
2366.png,12
2367.png,40
2368.png,24
2369.png,3
2370.png,27
2371.png,12
2372.png,18
2373.png,31
2374.png,12
2375.png,19
2376.png,19
2377.png,19
2378.png,8
2379.png,0
2380.png,38
2381.png,18
2382.png,21
2383.png,15
2384.png,42
2385.png,22
2386.png,41
2387.png,44
2388.png,31
2389.png,27
2390.png,0
2391.png,49
2392.png,27
2393.png,23
2394.png,48
2395.png,49
2396.png,49
2397.png,49
2398.png,27
2399.png,27
2400.png,49
2401.png,13
2402.png,0
2403.png,27
2404.png,44
2405.png,27
2406.png,27
2407.png,31
2408.png,27
2409.png,0
2410.png,7
2411.png,7
2412.png,19
2413.png,49
2414.png,31
2415.png,45
2416.png,44
2417.png,11
2418.png,44
2419.png,27
2420.png,27
2421.png,27
2422.png,27
2423.png,45
2424.png,45
2425.png,27
2426.png,50
2427.png,45
2428.png,27
2429.png,54
2430.png,27
2431.png,27
2432.png,30
2433.png,0
2434.png,44
2435.png,49
2436.png,27
2437.png,31
2438.png,0
2439.png,14
2440.png,31
2441.png,0
2442.png,0
2443.png,23
2444.png,43
2445.png,10
2446.png,31
2447.png,31
2448.png,54
2449.png,37
2450.png,39
2451.png,41
2452.png,0
2453.png,0
2454.png,47
2455.png,47
2456.png,10
2457.png,18
2458.png,49
2459.png,44
2460.png,33
2461.png,31
2462.png,27
2463.png,37
2464.png,47
2465.png,47
2466.png,44
2467.png,15
2468.png,21
2469.png,19
2470.png,39
2471.png,27
2472.png,27
2473.png,45
2474.png,24
2475.png,0
2476.png,23
2477.png,38
2478.png,13
2479.png,17
2480.png,21
2481.png,24
2482.png,23
2483.png,39
2484.png,0
2485.png,47
2486.png,20
2487.png,42
2488.png,0
2489.png,0
2490.png,26
2491.png,13
2492.png,0
2493.png,5
2494.png,42
2495.png,29
2496.png,23
2497.png,15
2498.png,49
2499.png,14
2500.png,27
2501.png,27
2502.png,37
2503.png,27
2504.png,31
2505.png,44
2506.png,42
2507.png,19
2508.png,27
2509.png,14
2510.png,25
2511.png,26
2512.png,14
2513.png,45
2514.png,41
2515.png,49
2516.png,10
2517.png,0
2518.png,0
2519.png,0
2520.png,0
2521.png,15
2522.png,23
2523.png,36
2524.png,0
2525.png,41
2526.png,43
2527.png,31
2528.png,31
2529.png,44
2530.png,50
2531.png,42
2532.png,42
2533.png,12
2534.png,47
2535.png,38
2536.png,0
2537.png,43
2538.png,37
2539.png,27
2540.png,27
2541.png,25
2542.png,49
2543.png,27
2544.png,41
2545.png,35
2546.png,38
2547.png,19
2548.png,12
2549.png,44
2550.png,6
2551.png,27
2552.png,18
2553.png,8
2554.png,34
2555.png,27
2556.png,50
2557.png,12
2558.png,34
2559.png,34
2560.png,42
2561.png,12
2562.png,40
2563.png,6
2564.png,36
2565.png,19
2566.png,23
2567.png,21
2568.png,0
2569.png,8
2570.png,19
2571.png,15
2572.png,12
2573.png,1
2574.png,36
2575.png,36
2576.png,0
2577.png,6
2578.png,36
2579.png,53
2580.png,5
2581.png,6
2582.png,3
2583.png,0
2584.png,23
2585.png,53
2586.png,23
2587.png,16
2588.png,6
2589.png,24
2590.png,0
2591.png,0
2592.png,0
2593.png,8
2594.png,17
2595.png,53
2596.png,0
2597.png,1
2598.png,1
2599.png,25
2600.png,29
2601.png,14
2602.png,37
2603.png,5
2604.png,42
2605.png,42
2606.png,5
2607.png,18
2608.png,0
2609.png,23
2610.png,53
2611.png,13
2612.png,38
2613.png,23
2614.png,43
2615.png,43
2616.png,8
2617.png,13
2618.png,13
2619.png,3
2620.png,17
2621.png,23
2622.png,2
2623.png,15
2624.png,28
2625.png,36
2626.png,36
2627.png,16
2628.png,16
2629.png,16
2630.png,16
2631.png,16
2632.png,16
2633.png,0
2634.png,48
2635.png,31
2636.png,42
2637.png,31
2638.png,39
2639.png,27
2640.png,41
2641.png,41
2642.png,38
2643.png,1
2644.png,1
2645.png,42
2646.png,6
2647.png,43
2648.png,15
2649.png,42
2650.png,42
2651.png,42
2652.png,44
2653.png,44
2654.png,30
2655.png,50
2656.png,29
2657.png,25
2658.png,17
2659.png,17
2660.png,17
2661.png,0
2662.png,2
2663.png,38
2664.png,35
2665.png,42
2666.png,9
2667.png,44
2668.png,50
2669.png,32
2670.png,0
2671.png,43
2672.png,41
2673.png,0
2674.png,27
2675.png,23
2676.png,40
2677.png,0
2678.png,27
2679.png,27
2680.png,14
2681.png,0
2682.png,35
2683.png,0
2684.png,42
2685.png,42
2686.png,42
2687.png,25
2688.png,42
2689.png,6
2690.png,21
2691.png,20
2692.png,20
2693.png,44
2694.png,20
2695.png,6
2696.png,11
2697.png,6
2698.png,53
2699.png,53
2700.png,48
2701.png,27
2702.png,43
2703.png,44
2704.png,47
2705.png,37
2706.png,10
2707.png,41
2708.png,47
2709.png,15
2710.png,33
2711.png,23
2712.png,32
2713.png,0
2714.png,10
2715.png,29
2716.png,29
2717.png,15
2718.png,15
2719.png,32
2720.png,27
2721.png,27
2722.png,27
2723.png,49
2724.png,27
2725.png,29
2726.png,10
2727.png,27
2728.png,10
2729.png,32
2730.png,28
2731.png,0
2732.png,5
2733.png,42
2734.png,0
2735.png,12
2736.png,1
2737.png,10
2738.png,42
2739.png,42
2740.png,42
2741.png,42
2742.png,42
2743.png,42
2744.png,0
2745.png,53
2746.png,14
2747.png,27
2748.png,39
2749.png,27
2750.png,3
2751.png,42
2752.png,42
2753.png,27
2754.png,40
2755.png,0
2756.png,27
2757.png,31
2758.png,0
2759.png,28
2760.png,45
2761.png,26
2762.png,44
2763.png,29
2764.png,27
2765.png,27
2766.png,27
2767.png,2
2768.png,33
2769.png,25
2770.png,29
2771.png,32
2772.png,27
2773.png,27
2774.png,27
2775.png,27
2776.png,27
2777.png,49
2778.png,49
2779.png,27
2780.png,27
2781.png,27
2782.png,10
2783.png,23
2784.png,40
2785.png,23
2786.png,27
2787.png,27
2788.png,15
2789.png,27
2790.png,27
2791.png,28
2792.png,29
2793.png,46
2794.png,32
2795.png,27
2796.png,15
2797.png,19
2798.png,49
2799.png,27
2800.png,1
2801.png,28
2802.png,27
2803.png,27
2804.png,28
2805.png,0
2806.png,27
2807.png,1
2808.png,7
2809.png,34
2810.png,27
2811.png,27
2812.png,15
2813.png,43
2814.png,21
2815.png,42
2816.png,42
2817.png,42
2818.png,49
2819.png,26
2820.png,46
2821.png,27
2822.png,44
2823.png,27
2824.png,27
2825.png,44
2826.png,21
2827.png,27
2828.png,21
2829.png,1
2830.png,50
2831.png,33
2832.png,14
2833.png,10
2834.png,10
2835.png,21
2836.png,35
2837.png,35
2838.png,35
2839.png,9
2840.png,3
2841.png,40
2842.png,21
2843.png,49
2844.png,15
2845.png,2
2846.png,13
2847.png,2
2848.png,2
2849.png,28
2850.png,8
2851.png,2
2852.png,12
2853.png,19
2854.png,52
2855.png,23
2856.png,36
2857.png,52
2858.png,12
2859.png,17
2860.png,8
2861.png,38
2862.png,16
2863.png,2
2864.png,0
2865.png,18
2866.png,27
2867.png,37
2868.png,37
2869.png,27
2870.png,49
2871.png,27
2872.png,15
2873.png,13
2874.png,23
2875.png,18
2876.png,36
2877.png,38
2878.png,33
2879.png,12
2880.png,12
2881.png,13
2882.png,52
2883.png,9
2884.png,23
2885.png,38
2886.png,18
2887.png,27
2888.png,31
2889.png,27
2890.png,27
2891.png,49
2892.png,20
2893.png,19
2894.png,40
2895.png,19
2896.png,17
2897.png,19
2898.png,49
2899.png,44
2900.png,21
2901.png,45
2902.png,17
2903.png,52
2904.png,52
2905.png,0
2906.png,19
2907.png,17
2908.png,10
2909.png,27
2910.png,29
2911.png,37
2912.png,48
2913.png,15
2914.png,23
2915.png,23
2916.png,36
2917.png,23
2918.png,47
2919.png,36
2920.png,7
2921.png,27
2922.png,42
2923.png,7
2924.png,7
2925.png,42
2926.png,21
2927.png,8
2928.png,2
2929.png,24
2930.png,23
2931.png,9
2932.png,23
2933.png,1
2934.png,34
2935.png,33
2936.png,19
2937.png,23
2938.png,2
2939.png,24
2940.png,23
2941.png,0
2942.png,0
2943.png,52
2944.png,15
2945.png,51
2946.png,36
2947.png,40
2948.png,11
2949.png,41
2950.png,22
2951.png,8
2952.png,45
2953.png,27
2954.png,31
2955.png,27
2956.png,41
2957.png,41
2958.png,40
2959.png,41
2960.png,12
2961.png,41
2962.png,37
2963.png,32
2964.png,10
2965.png,52
2966.png,52
2967.png,17
2968.png,52
2969.png,52
2970.png,3
2971.png,52
2972.png,26
2973.png,48
2974.png,17
2975.png,0
2976.png,52
2977.png,38
2978.png,23
2979.png,19
2980.png,42
2981.png,6
2982.png,22
2983.png,0
2984.png,0
2985.png,5
2986.png,39
2987.png,7
2988.png,10
2989.png,44
2990.png,52
2991.png,19
2992.png,0
2993.png,0
2994.png,15
2995.png,19
2996.png,13
2997.png,0
2998.png,0
2999.png,0
3000.png,0
3001.png,0
3002.png,0
3003.png,27
3004.png,27
3005.png,27
3006.png,22
3007.png,1
3008.png,22
3009.png,1
3010.png,0
3011.png,1
3012.png,28
3013.png,23
3014.png,0
3015.png,19
3016.png,22
3017.png,6
3018.png,0
3019.png,0
3020.png,52
3021.png,52
3022.png,18
3023.png,28
3024.png,40
3025.png,8
3026.png,12
3027.png,16
3028.png,52
3029.png,19
3030.png,41
3031.png,42
3032.png,52
3033.png,22
3034.png,0
3035.png,40
3036.png,52
3037.png,0
3038.png,14
3039.png,22
3040.png,0
3041.png,0
3042.png,0
3043.png,15
3044.png,37
3045.png,20
3046.png,0
3047.png,27
3048.png,44
3049.png,7
3050.png,7
3051.png,27
3052.png,17
3053.png,19
3054.png,19
3055.png,0
3056.png,15
3057.png,52
3058.png,15
3059.png,15
3060.png,38
3061.png,8
3062.png,11
3063.png,12
3064.png,49
3065.png,27
3066.png,19
3067.png,1
3068.png,27
3069.png,27
3070.png,27
3071.png,21
3072.png,27
3073.png,0
3074.png,8
3075.png,1
3076.png,0
3077.png,13
3078.png,52
3079.png,2
3080.png,27
3081.png,27
3082.png,27
3083.png,27
3084.png,0
3085.png,0
3086.png,16
3087.png,26
3088.png,9
3089.png,36
3090.png,31
3091.png,13
3092.png,19
3093.png,52
3094.png,23
3095.png,43
3096.png,36
3097.png,8
3098.png,42
3099.png,16
3100.png,0
3101.png,52
3102.png,23
3103.png,15
3104.png,0
3105.png,0
3106.png,51
3107.png,11
3108.png,0
3109.png,40
3110.png,42
3111.png,23
3112.png,12
3113.png,53
3114.png,2
3115.png,53
3116.png,9
3117.png,9
3118.png,0
3119.png,42
3120.png,19
3121.png,36
3122.png,16
3123.png,36
3124.png,42
3125.png,3
3126.png,17
3127.png,53
3128.png,41
3129.png,23
3130.png,40
3131.png,36
3132.png,0
3133.png,0
3134.png,0
3135.png,0
3136.png,0
3137.png,40
3138.png,18
3139.png,52
3140.png,1
3141.png,16
3142.png,12
3143.png,8
3144.png,0
3145.png,4
3146.png,1
3147.png,38
3148.png,21
3149.png,23
3150.png,5
3151.png,0
3152.png,0
3153.png,26
3154.png,0
3155.png,12
3156.png,19
3157.png,16
3158.png,0
3159.png,7
3160.png,7
3161.png,7
3162.png,42
3163.png,15
3164.png,0
3165.png,12
3166.png,43
3167.png,11
3168.png,0
3169.png,0
3170.png,23
3171.png,11
3172.png,28
3173.png,0
3174.png,44
3175.png,50
3176.png,51
3177.png,50
3178.png,29
3179.png,0
3180.png,10
3181.png,52
3182.png,9
3183.png,33
3184.png,0
3185.png,27
3186.png,23
3187.png,17
3188.png,41
3189.png,0
3190.png,2
3191.png,23
3192.png,17
3193.png,52
3194.png,1
3195.png,52
3196.png,21
3197.png,52
3198.png,17
3199.png,17
3200.png,17
3201.png,4
3202.png,5
3203.png,17
3204.png,17
3205.png,17
3206.png,52
3207.png,1
3208.png,17
3209.png,17
3210.png,21
3211.png,5
3212.png,17
3213.png,3
3214.png,21
3215.png,28
3216.png,28
3217.png,17
3218.png,17
3219.png,15
3220.png,4
3221.png,4
3222.png,5
3223.png,21
3224.png,15
3225.png,5
3226.png,4
3227.png,17
3228.png,17
3229.png,4
3230.png,17
3231.png,15
3232.png,15
3233.png,5
3234.png,52
3235.png,15
3236.png,15
3237.png,17
3238.png,15
3239.png,5
3240.png,17
3241.png,15
3242.png,5
3243.png,1
3244.png,52
3245.png,1
3246.png,52
3247.png,15
3248.png,5
3249.png,1
3250.png,1
3251.png,17
3252.png,4
3253.png,1
3254.png,1
3255.png,4
3256.png,4
3257.png,5
3258.png,15
3259.png,17
3260.png,1
3261.png,17
3262.png,15
3263.png,15
3264.png,15
3265.png,15
3266.png,5
3267.png,22
3268.png,15
3269.png,15
3270.png,1
3271.png,13
3272.png,28
3273.png,18
3274.png,13
3275.png,17
3276.png,25
3277.png,4
3278.png,17
3279.png,5
3280.png,5
3281.png,17
3282.png,13
3283.png,15
3284.png,5
3285.png,15
3286.png,15
3287.png,22
3288.png,36
3289.png,15
3290.png,17
3291.png,15
3292.png,1
3293.png,21
3294.png,52
3295.png,4
3296.png,5
3297.png,4
3298.png,21
3299.png,15
3300.png,5
3301.png,5
3302.png,52
3303.png,21
3304.png,15
3305.png,1
3306.png,17
3307.png,15
3308.png,15
3309.png,15
3310.png,15
3311.png,52
3312.png,4
3313.png,15
3314.png,15
3315.png,22
3316.png,22
3317.png,15
3318.png,15
3319.png,1
3320.png,15
3321.png,5
3322.png,5
3323.png,15
3324.png,15
3325.png,1
3326.png,15
3327.png,22
3328.png,21
3329.png,1
3330.png,21
3331.png,15
3332.png,21
3333.png,15
3334.png,1
3335.png,36
3336.png,17
3337.png,20
3338.png,13
3339.png,13
3340.png,2
3341.png,2
3342.png,2
3343.png,2
3344.png,2
3345.png,15
3346.png,13
3347.png,14
3348.png,1
3349.png,1
3350.png,52
3351.png,1
3352.png,36
3353.png,14
3354.png,1
3355.png,15
3356.png,52
3357.png,5
3358.png,18
3359.png,2
3360.png,1
3361.png,13
3362.png,14
3363.png,1
3364.png,24
3365.png,2
3366.png,13
3367.png,28
3368.png,13
3369.png,14
3370.png,17
3371.png,2
3372.png,2
3373.png,1
3374.png,5
3375.png,52
3376.png,5
3377.png,21
3378.png,1
3379.png,15
3380.png,1
3381.png,1
3382.png,15
3383.png,52
3384.png,1
3385.png,36
3386.png,1
3387.png,36
3388.png,23
3389.png,28
3390.png,28
3391.png,28
3392.png,28
3393.png,28
3394.png,28
3395.png,28
3396.png,28
3397.png,28
3398.png,28
3399.png,28
3400.png,28
3401.png,53
3402.png,40
3403.png,12
3404.png,18
3405.png,21
3406.png,19
3407.png,0
3408.png,0
3409.png,53
3410.png,52
3411.png,13
3412.png,0
3413.png,23
3414.png,23
3415.png,16
3416.png,40
3417.png,28
3418.png,12
3419.png,43
3420.png,43
3421.png,12
3422.png,23
3423.png,19
3424.png,18
3425.png,21
3426.png,1
3427.png,5
3428.png,19
3429.png,19
3430.png,23
3431.png,23
3432.png,38
3433.png,53
3434.png,13
3435.png,19
3436.png,42
3437.png,10
3438.png,44
3439.png,27
3440.png,47
3441.png,0
3442.png,36
3443.png,2
3444.png,23
3445.png,16
3446.png,19
3447.png,38
3448.png,28
3449.png,18
3450.png,28
3451.png,52
3452.png,23
3453.png,53
3454.png,40
3455.png,13
3456.png,12
3457.png,52
3458.png,18
3459.png,52
3460.png,52
3461.png,37
3462.png,37
3463.png,37
3464.png,21
3465.png,10
3466.png,43
3467.png,40
3468.png,27
3469.png,44
3470.png,54
3471.png,46
3472.png,48
3473.png,20
3474.png,51
3475.png,0
3476.png,3
3477.png,8
3478.png,0
3479.png,23
3480.png,23
3481.png,52
3482.png,52
3483.png,23
3484.png,23
3485.png,40
3486.png,6
3487.png,28
3488.png,38
3489.png,23
3490.png,50
3491.png,17
3492.png,16
3493.png,24
3494.png,38
3495.png,52
3496.png,23
3497.png,5
3498.png,45
3499.png,22
3500.png,12
3501.png,38
3502.png,14
3503.png,36
3504.png,23
3505.png,18
3506.png,52
3507.png,19
3508.png,13
3509.png,52
3510.png,24
3511.png,52
3512.png,24
3513.png,36
3514.png,36
3515.png,20
